insert into role (id, role) values (-1, 'MANAGE_USERS')
insert into role (id, role) values (-2, 'PROCESS_DOCUMENTS')

insert into user (email, initials, name, password, id) values ('test@abc.de', 'TM', 'test', '$2a$10$MfjKeK.5UjXXJBV0mZONKumJqJYVd//im/3F0oy.38b.aOmLuqhFW', -1) // pw xxx

insert into user_role (user_id, role_id) values (-1, -2)
insert into user_role (user_id, role_id) values (-1, -1)

insert into category (institution, category, id) values ('ABC', '200', -1)
insert into category (institution, category, id) values ('DEF', '30B', -2)
insert into document_metadata (author, description, title, id) values ('Auth', 'Desc', 'Tit', -1)
insert into document (metadata_id, status, id) values (-1, null, -1)
insert into document_categories (document_id, categories_id) values (-1, -1)
insert into document_categories (document_id, categories_id) values (-1, -2)

insert into document_metadata (author, description, title, id) values ('Auth', 'Desc', 'Tit', -2)
insert into document (metadata_id, status, id) values (-2, null, -2)
insert into document_metadata (author, description, title, id) values ('Auth', 'Desc', 'Tit', -3)
insert into document (metadata_id, status, id) values (-3, null, -3)
insert into document_metadata (author, description, title, id) values ('Auth', 'Desc', 'Tit', -4)
insert into document (metadata_id, status, id) values (-4, null, -4)
insert into document_metadata (author, description, title, id) values ('Auth', 'Desc', 'Tit', -5)
insert into document (metadata_id, status, id) values (-5, null, -5)
insert into document_metadata (author, description, title, id) values ('Auth', 'Desc', 'Tit', -6)
insert into document (metadata_id, status, id) values (-6, null, -6)
insert into document_metadata (author, description, title, id) values ('Auth', 'Desc', 'Tit', -7)
insert into document (metadata_id, status, id) values (-7, null, -7)
insert into document_metadata (author, description, title, id) values ('Auth', 'Desc', 'Tit', -8)
insert into document (metadata_id, status, id) values (-8, null, -8)
insert into document_metadata (author, description, title, id) values ('Auth', 'Desc', 'Tit', -9)
insert into document (metadata_id, status, id) values (-9, null, -9)
insert into document_metadata (author, description, title, id) values ('Auth', 'Desc', 'Tit', -10)
insert into document (metadata_id, status, id) values (-10, null, -10)
insert into document_metadata (author, description, title, id) values ('Auth', 'Desc', 'Tit', -11)
insert into document (metadata_id, status, id) values (-11, null, -11)
insert into document_metadata (author, description, title, id) values ('Auth', 'Desc', 'Tit', -12)
insert into document (metadata_id, status, id) values (-12, null, -12)
insert into document_metadata (author, description, title, id) values ('Auth', 'Desc', 'Tit', -13)
insert into document (metadata_id, status, id) values (-13, null, -13)
insert into document_metadata (author, description, title, id) values ('Auth', 'Desc', 'Tit', -14)
insert into document (metadata_id, status, id) values (-14, null, -14)
insert into document_metadata (author, description, title, id) values ('Auth', 'Desc', 'Tit', -15)
insert into document (metadata_id, status, id) values (-15, null, -15)
insert into document_metadata (author, description, title, id) values ('Auth', 'Desc', 'Tit', -16)
insert into document (metadata_id, status, id) values (-16, null, -16)
insert into document_metadata (author, description, title, id) values ('Auth', 'Desc', 'Tit', -17)
insert into document (metadata_id, status, id) values (-17, null, -17)
insert into document_metadata (author, description, title, id) values ('Auth', 'Desc', 'Tit', -18)
insert into document (metadata_id, status, id) values (-18, null, -18)
insert into document_metadata (author, description, title, id) values ('Auth', 'Desc', 'Tit', -19)
insert into document (metadata_id, status, id) values (-19, null, -19)
insert into document_metadata (author, description, title, id) values ('Auth', 'Desc', 'Tit', -20)
insert into document (metadata_id, status, id) values (-20, null, -20)
insert into document_metadata (author, description, title, id) values ('Auth', 'Desc', 'Tit', -21)
insert into document (metadata_id, status, id) values (-21, null, -21)
insert into document_metadata (author, description, title, id) values ('Auth', 'Desc', 'Tit', -22)
insert into document (metadata_id, status, id) values (-22, null, -22)
insert into document_metadata (author, description, title, id) values ('Auth', 'Desc', 'Tit', -23)
insert into document (metadata_id, status, id) values (-23, null, -23)
insert into document_metadata (author, description, title, id) values ('Auth', 'Desc', 'Tit', -24)
insert into document (metadata_id, status, id) values (-24, null, -24)
insert into document_metadata (author, description, title, id) values ('Auth', 'Desc', 'Tit', -25)
insert into document (metadata_id, status, id) values (-25, null, -25)
insert into document_metadata (author, description, title, id) values ('Auth', 'Desc', 'Tit', -26)
insert into document (metadata_id, status, id) values (-26, null, -26)
insert into document_metadata (author, description, title, id) values ('Auth', 'Desc', 'Tit', -27)
insert into document (metadata_id, status, id) values (-27, null, -27)
insert into document_metadata (author, description, title, id) values ('Auth', 'Desc', 'Tit', -28)
insert into document (metadata_id, status, id) values (-28, null, -28)
insert into document_metadata (author, description, title, id) values ('Auth', 'Desc', 'Tit', -29)
insert into document (metadata_id, status, id) values (-29, null, -29)
insert into document_metadata (author, description, title, id) values ('Auth', 'Desc', 'Tit', -30)
insert into document (metadata_id, status, id) values (-30, null, -30)
insert into document_metadata (author, description, title, id) values ('Auth', 'Desc', 'Tit', -31)
insert into document (metadata_id, status, id) values (-31, null, -31)
insert into document_metadata (author, description, title, id) values ('Auth', 'Desc', 'Tit', -32)
insert into document (metadata_id, status, id) values (-32, null, -32)
insert into document_metadata (author, description, title, id) values ('Auth', 'Desc', 'Tit', -33)
insert into document (metadata_id, status, id) values (-33, null, -33)
insert into document_metadata (author, description, title, id) values ('Auth', 'Desc', 'Tit', -34)
insert into document (metadata_id, status, id) values (-34, null, -34)
insert into document_metadata (author, description, title, id) values ('Auth', 'Desc', 'Tit', -35)
insert into document (metadata_id, status, id) values (-35, null, -35)
insert into document_metadata (author, description, title, id) values ('Auth', 'Desc', 'Tit', -36)
insert into document (metadata_id, status, id) values (-36, null, -36)
insert into document_metadata (author, description, title, id) values ('Auth', 'Desc', 'Tit', -37)
insert into document (metadata_id, status, id) values (-37, null, -37)
insert into document_metadata (author, description, title, id) values ('Auth', 'Desc', 'Tit', -38)
insert into document (metadata_id, status, id) values (-38, null, -38)
insert into document_metadata (author, description, title, id) values ('Auth', 'Desc', 'Tit', -39)
insert into document (metadata_id, status, id) values (-39, null, -39)
insert into document_metadata (author, description, title, id) values ('Auth', 'Desc', 'Tit', -40)
insert into document (metadata_id, status, id) values (-40, null, -40)
insert into document_metadata (author, description, title, id) values ('Auth', 'Desc', 'Tit', -41)
insert into document (metadata_id, status, id) values (-41, null, -41)
insert into document_metadata (author, description, title, id) values ('Auth', 'Desc', 'Tit', -42)
insert into document (metadata_id, status, id) values (-42, null, -42)
insert into document_metadata (author, description, title, id) values ('Auth', 'Desc', 'Tit', -43)
insert into document (metadata_id, status, id) values (-43, null, -43)
insert into document_metadata (author, description, title, id) values ('Auth', 'Desc', 'Tit', -44)
insert into document (metadata_id, status, id) values (-44, null, -44)
